Data,Marca,Gènere,Model,Color,Oferta,Preu,Talla
2018/11/12,Pompeii,Home,Scout,HIGH BLACKBERRY,Precio habitual,"65,00€",40
2018/11/12,Pompeii,Home,Scout,HIGH BLACKBERRY,Precio habitual,"65,00€",41
2018/11/12,Pompeii,Home,Scout,HIGH BLACKBERRY,Precio habitual,"65,00€",42
2018/11/12,Pompeii,Home,Scout,HIGH BLACKBERRY,Precio habitual,"65,00€",43
2018/11/12,Pompeii,Home,Scout,HIGH BLACKBERRY,Precio habitual,"65,00€",44
2018/11/12,Pompeii,Home,Scout,HIGH BLACKBERRY,Precio habitual,"65,00€",45
2018/11/12,Pompeii,Home,Scout,HIGH BLACKBERRY,Precio habitual,"65,00€",46
2018/11/12,Pompeii,Home,Scout,HIGH BLACKBERRY,Precio habitual,"65,00€",47
2018/11/12,Pompeii,Home,Scout,HIGH SAGE GREY,Precio habitual,"65,00€",40
2018/11/12,Pompeii,Home,Scout,HIGH SAGE GREY,Precio habitual,"65,00€",41
2018/11/12,Pompeii,Home,Scout,HIGH SAGE GREY,Precio habitual,"65,00€",42
2018/11/12,Pompeii,Home,Scout,HIGH SAGE GREY,Precio habitual,"65,00€",43
2018/11/12,Pompeii,Home,Scout,HIGH SAGE GREY,Precio habitual,"65,00€",44
2018/11/12,Pompeii,Home,Scout,HIGH SAGE GREY,Precio habitual,"65,00€",45
2018/11/12,Pompeii,Home,Scout,HIGH SAGE GREY,Precio habitual,"65,00€",46
2018/11/12,Pompeii,Home,Scout,HIGH SAGE GREY,Precio habitual,"65,00€",47
2018/11/12,Pompeii,Home,Scout,HIGH ALL BLACK,Precio habitual,"65,00€",40
2018/11/12,Pompeii,Home,Scout,HIGH ALL BLACK,Precio habitual,"65,00€",41
2018/11/12,Pompeii,Home,Scout,HIGH ALL BLACK,Precio habitual,"65,00€",42
2018/11/12,Pompeii,Home,Scout,HIGH ALL BLACK,Precio habitual,"65,00€",43
2018/11/12,Pompeii,Home,Scout,HIGH ALL BLACK,Precio habitual,"65,00€",44
2018/11/12,Pompeii,Home,Scout,HIGH ALL BLACK,Precio habitual,"65,00€",45
2018/11/12,Pompeii,Home,Scout,HIGH ALL BLACK,Precio habitual,"65,00€",46
2018/11/12,Pompeii,Home,Scout,HIGH ALL BLACK,Precio habitual,"65,00€",47
2018/11/12,Pompeii,Home,Scout,HIGH MARVILA,Precio habitual,"65,00€",40
2018/11/12,Pompeii,Home,Scout,HIGH MARVILA,Precio habitual,"65,00€",41
2018/11/12,Pompeii,Home,Scout,HIGH MARVILA,Precio habitual,"65,00€",42
2018/11/12,Pompeii,Home,Scout,HIGH MARVILA,Precio habitual,"65,00€",43
2018/11/12,Pompeii,Home,Scout,HIGH MARVILA,Precio habitual,"65,00€",44
2018/11/12,Pompeii,Home,Scout,HIGH MARVILA,Precio habitual,"65,00€",45
2018/11/12,Pompeii,Home,Scout,HIGH MARVILA,Precio habitual,"65,00€",46
2018/11/12,Pompeii,Home,Scout,HIGH MARVILA,Precio habitual,"65,00€",47
2018/11/12,Pompeii,Home,Hidrófugo,EVERGLADE CARAMEL,Precio habitual,"65,00€",40
2018/11/12,Pompeii,Home,Hidrófugo,EVERGLADE CARAMEL,Precio habitual,"65,00€",41
2018/11/12,Pompeii,Home,Hidrófugo,EVERGLADE CARAMEL,Precio habitual,"65,00€",42
2018/11/12,Pompeii,Home,Hidrófugo,EVERGLADE CARAMEL,Precio habitual,"65,00€",43
2018/11/12,Pompeii,Home,Hidrófugo,EVERGLADE CARAMEL,Precio habitual,"65,00€",44
2018/11/12,Pompeii,Home,Hidrófugo,EVERGLADE CARAMEL,Precio habitual,"65,00€",45
2018/11/12,Pompeii,Home,Hidrófugo,EVERGLADE CARAMEL,Precio habitual,"65,00€",46
2018/11/12,Pompeii,Home,Hidrófugo,EVERGLADE CARAMEL,Precio habitual,"65,00€",47
2018/11/12,Pompeii,Home,Hidrófugo,MOSS CARAMEL,Precio habitual,"65,00€",40
2018/11/12,Pompeii,Home,Hidrófugo,MOSS CARAMEL,Precio habitual,"65,00€",41
2018/11/12,Pompeii,Home,Hidrófugo,MOSS CARAMEL,Precio habitual,"65,00€",42
2018/11/12,Pompeii,Home,Hidrófugo,MOSS CARAMEL,Precio habitual,"65,00€",43
2018/11/12,Pompeii,Home,Hidrófugo,MOSS CARAMEL,Precio habitual,"65,00€",44
2018/11/12,Pompeii,Home,Hidrófugo,MOSS CARAMEL,Precio habitual,"65,00€",45
2018/11/12,Pompeii,Home,Hidrófugo,MOSS CARAMEL,Precio habitual,"65,00€",46
2018/11/12,Pompeii,Home,Hidrófugo,MOSS CARAMEL,Precio habitual,"65,00€",47
2018/11/12,Pompeii,Home,Hidrófugo,COCOA OXFORD,Precio habitual,"65,00€",40
2018/11/12,Pompeii,Home,Hidrófugo,COCOA OXFORD,Precio habitual,"65,00€",41
2018/11/12,Pompeii,Home,Hidrófugo,COCOA OXFORD,Precio habitual,"65,00€",42
2018/11/12,Pompeii,Home,Hidrófugo,COCOA OXFORD,Precio habitual,"65,00€",43
2018/11/12,Pompeii,Home,Hidrófugo,COCOA OXFORD,Precio habitual,"65,00€",44
2018/11/12,Pompeii,Home,Hidrófugo,COCOA OXFORD,Precio habitual,"65,00€",45
2018/11/12,Pompeii,Home,Hidrófugo,COCOA OXFORD,Precio habitual,"65,00€",46
2018/11/12,Pompeii,Home,Hidrófugo,COCOA OXFORD,Precio habitual,"65,00€",47
2018/11/12,Pompeii,Home,Hidrófugo,HAZEL,Precio habitual,"70,00€",40
2018/11/12,Pompeii,Home,Hidrófugo,HAZEL,Precio habitual,"70,00€",41
2018/11/12,Pompeii,Home,Hidrófugo,HAZEL,Precio habitual,"70,00€",42
2018/11/12,Pompeii,Home,Hidrófugo,HAZEL,Precio habitual,"70,00€",43
2018/11/12,Pompeii,Home,Hidrófugo,HAZEL,Precio habitual,"70,00€",44
2018/11/12,Pompeii,Home,Hidrófugo,HAZEL,Precio habitual,"70,00€",45
2018/11/12,Pompeii,Home,Hidrófugo,HAZEL,Precio habitual,"70,00€",46
2018/11/12,Pompeii,Home,Hidrófugo,HAZEL,Precio habitual,"70,00€",47
2018/11/12,Pompeii,Home,Higby,KHAKI CARAMEL,Precio habitual,"60,00€",40
2018/11/12,Pompeii,Home,Higby,KHAKI CARAMEL,Precio habitual,"60,00€",41
2018/11/12,Pompeii,Home,Higby,KHAKI CARAMEL,Precio habitual,"60,00€",42
2018/11/12,Pompeii,Home,Higby,KHAKI CARAMEL,Precio habitual,"60,00€",43
2018/11/12,Pompeii,Home,Higby,KHAKI CARAMEL,Precio habitual,"60,00€",44
2018/11/12,Pompeii,Home,Higby,KHAKI CARAMEL,Precio habitual,"60,00€",45
2018/11/12,Pompeii,Home,Higby,KHAKI CARAMEL,Precio habitual,"60,00€",46
2018/11/12,Pompeii,Home,Higby,KHAKI CARAMEL,Precio habitual,"60,00€",47
2018/11/12,Pompeii,Home,Higby,NAVY CARAMEL,Precio habitual,"60,00€",40
2018/11/12,Pompeii,Home,Higby,NAVY CARAMEL,Precio habitual,"60,00€",41
2018/11/12,Pompeii,Home,Higby,NAVY CARAMEL,Precio habitual,"60,00€",42
2018/11/12,Pompeii,Home,Higby,NAVY CARAMEL,Precio habitual,"60,00€",43
2018/11/12,Pompeii,Home,Higby,NAVY CARAMEL,Precio habitual,"60,00€",44
2018/11/12,Pompeii,Home,Higby,NAVY CARAMEL,Precio habitual,"60,00€",45
2018/11/12,Pompeii,Home,Higby,NAVY CARAMEL,Precio habitual,"60,00€",46
2018/11/12,Pompeii,Home,Higby,NAVY CARAMEL,Precio habitual,"60,00€",47
2018/11/12,Pompeii,Home,Higby,MAROON CARAMEL,Precio habitual,"60,00€",40
2018/11/12,Pompeii,Home,Higby,MAROON CARAMEL,Precio habitual,"60,00€",41
2018/11/12,Pompeii,Home,Higby,MAROON CARAMEL,Precio habitual,"60,00€",42
2018/11/12,Pompeii,Home,Higby,MAROON CARAMEL,Precio habitual,"60,00€",43
2018/11/12,Pompeii,Home,Higby,MAROON CARAMEL,Precio habitual,"60,00€",44
2018/11/12,Pompeii,Home,Higby,MAROON CARAMEL,Precio habitual,"60,00€",45
2018/11/12,Pompeii,Home,Higby,MAROON CARAMEL,Precio habitual,"60,00€",46
2018/11/12,Pompeii,Home,Higby,MAROON CARAMEL,Precio habitual,"60,00€",47
2018/11/12,Pompeii,Home,Higby,CHARCOAL WINE,Precio habitual,"60,00€",40
2018/11/12,Pompeii,Home,Higby,CHARCOAL WINE,Precio habitual,"60,00€",41
2018/11/12,Pompeii,Home,Higby,CHARCOAL WINE,Precio habitual,"60,00€",42
2018/11/12,Pompeii,Home,Higby,CHARCOAL WINE,Precio habitual,"60,00€",43
2018/11/12,Pompeii,Home,Higby,CHARCOAL WINE,Precio habitual,"60,00€",44
2018/11/12,Pompeii,Home,Higby,CHARCOAL WINE,Precio habitual,"60,00€",45
2018/11/12,Pompeii,Home,Higby,CHARCOAL WINE,Precio habitual,"60,00€",46
2018/11/12,Pompeii,Home,Higby,CHARCOAL WINE,Precio habitual,"60,00€",47
2018/11/12,Pompeii,Home,Higby,LION FERN,Precio habitual,"60,00€",40
2018/11/12,Pompeii,Home,Higby,LION FERN,Precio habitual,"60,00€",41
2018/11/12,Pompeii,Home,Higby,LION FERN,Precio habitual,"60,00€",42
2018/11/12,Pompeii,Home,Higby,LION FERN,Precio habitual,"60,00€",43
2018/11/12,Pompeii,Home,Higby,LION FERN,Precio habitual,"60,00€",44
2018/11/12,Pompeii,Home,Higby,LION FERN,Precio habitual,"60,00€",45
2018/11/12,Pompeii,Home,Higby,LION FERN,Precio habitual,"60,00€",46
2018/11/12,Pompeii,Home,Higby,LION FERN,Precio habitual,"60,00€",47
2018/11/12,Pompeii,Home,Merlin,COCOA,Precio habitual,"65,00€",40
2018/11/12,Pompeii,Home,Merlin,COCOA,Precio habitual,"65,00€",41
2018/11/12,Pompeii,Home,Merlin,COCOA,Precio habitual,"65,00€",42
2018/11/12,Pompeii,Home,Merlin,COCOA,Precio habitual,"65,00€",43
2018/11/12,Pompeii,Home,Merlin,COCOA,Precio habitual,"65,00€",44
2018/11/12,Pompeii,Home,Merlin,COCOA,Precio habitual,"65,00€",45
2018/11/12,Pompeii,Home,Merlin,COCOA,Precio habitual,"65,00€",46
2018/11/12,Pompeii,Home,Merlin,COCOA,Precio habitual,"65,00€",47
2018/11/12,Pompeii,Home,Merlin,KHAKI,Precio habitual,"65,00€",40
2018/11/12,Pompeii,Home,Merlin,KHAKI,Precio habitual,"65,00€",41
2018/11/12,Pompeii,Home,Merlin,KHAKI,Precio habitual,"65,00€",42
2018/11/12,Pompeii,Home,Merlin,KHAKI,Precio habitual,"65,00€",43
2018/11/12,Pompeii,Home,Merlin,KHAKI,Precio habitual,"65,00€",44
2018/11/12,Pompeii,Home,Merlin,KHAKI,Precio habitual,"65,00€",45
2018/11/12,Pompeii,Home,Merlin,KHAKI,Precio habitual,"65,00€",46
2018/11/12,Pompeii,Home,Merlin,KHAKI,Precio habitual,"65,00€",47
2018/11/12,Pompeii,Home,Higby,FERN CARAMEL,Precio habitual,"55,00€",40
2018/11/12,Pompeii,Home,Higby,FERN CARAMEL,Precio habitual,"55,00€",41
2018/11/12,Pompeii,Home,Higby,FERN CARAMEL,Precio habitual,"55,00€",42
2018/11/12,Pompeii,Home,Higby,FERN CARAMEL,Precio habitual,"55,00€",43
2018/11/12,Pompeii,Home,Higby,FERN CARAMEL,Precio habitual,"55,00€",44
2018/11/12,Pompeii,Home,Higby,FERN CARAMEL,Precio habitual,"55,00€",45
2018/11/12,Pompeii,Home,Higby,FERN CARAMEL,Precio habitual,"55,00€",46
2018/11/12,Pompeii,Home,Higby,FERN CARAMEL,Precio habitual,"55,00€",47
2018/11/12,Pompeii,Home,Higby,BLACK,Precio habitual,"55,00€",40
2018/11/12,Pompeii,Home,Higby,BLACK,Precio habitual,"55,00€",41
2018/11/12,Pompeii,Home,Higby,BLACK,Precio habitual,"55,00€",42
2018/11/12,Pompeii,Home,Higby,BLACK,Precio habitual,"55,00€",43
2018/11/12,Pompeii,Home,Higby,BLACK,Precio habitual,"55,00€",44
2018/11/12,Pompeii,Home,Higby,BLACK,Precio habitual,"55,00€",45
2018/11/12,Pompeii,Home,Higby,BLACK,Precio habitual,"55,00€",46
2018/11/12,Pompeii,Home,Higby,BLACK,Precio habitual,"55,00€",47
2018/11/12,Pompeii,Home,Higby,OCEAN CARAMEL,Precio habitual,"55,00€",40
2018/11/12,Pompeii,Home,Higby,OCEAN CARAMEL,Precio habitual,"55,00€",41
2018/11/12,Pompeii,Home,Higby,OCEAN CARAMEL,Precio habitual,"55,00€",42
2018/11/12,Pompeii,Home,Higby,OCEAN CARAMEL,Precio habitual,"55,00€",43
2018/11/12,Pompeii,Home,Higby,OCEAN CARAMEL,Precio habitual,"55,00€",44
2018/11/12,Pompeii,Home,Higby,OCEAN CARAMEL,Precio habitual,"55,00€",45
2018/11/12,Pompeii,Home,Higby,OCEAN CARAMEL,Precio habitual,"55,00€",46
2018/11/12,Pompeii,Home,Higby,OCEAN CARAMEL,Precio habitual,"55,00€",47
2018/11/12,Pompeii,Home,Higby,ICE WOOD,Precio habitual,"55,00€",40
2018/11/12,Pompeii,Home,Higby,ICE WOOD,Precio habitual,"55,00€",41
2018/11/12,Pompeii,Home,Higby,ICE WOOD,Precio habitual,"55,00€",42
2018/11/12,Pompeii,Home,Higby,ICE WOOD,Precio habitual,"55,00€",43
2018/11/12,Pompeii,Home,Higby,ICE WOOD,Precio habitual,"55,00€",44
2018/11/12,Pompeii,Home,Higby,ICE WOOD,Precio habitual,"55,00€",45
2018/11/12,Pompeii,Home,Higby,ICE WOOD,Precio habitual,"55,00€",46
2018/11/12,Pompeii,Home,Higby,ICE WOOD,Precio habitual,"55,00€",47
2018/11/12,Pompeii,Home,Higby,CHERRY CARAMEL,Precio habitual,"55,00€",40
2018/11/12,Pompeii,Home,Higby,CHERRY CARAMEL,Precio habitual,"55,00€",41
2018/11/12,Pompeii,Home,Higby,CHERRY CARAMEL,Precio habitual,"55,00€",42
2018/11/12,Pompeii,Home,Higby,CHERRY CARAMEL,Precio habitual,"55,00€",43
2018/11/12,Pompeii,Home,Higby,CHERRY CARAMEL,Precio habitual,"55,00€",44
2018/11/12,Pompeii,Home,Higby,CHERRY CARAMEL,Precio habitual,"55,00€",45
2018/11/12,Pompeii,Home,Higby,CHERRY CARAMEL,Precio habitual,"55,00€",46
2018/11/12,Pompeii,Home,Higby,CHERRY CARAMEL,Precio habitual,"55,00€",47
2018/11/12,Pompeii,Home,Higby,COCO CARAMEL,Precio habitual,"55,00€",40
2018/11/12,Pompeii,Home,Higby,COCO CARAMEL,Precio habitual,"55,00€",41
2018/11/12,Pompeii,Home,Higby,COCO CARAMEL,Precio habitual,"55,00€",42
2018/11/12,Pompeii,Home,Higby,COCO CARAMEL,Precio habitual,"55,00€",43
2018/11/12,Pompeii,Home,Higby,COCO CARAMEL,Precio habitual,"55,00€",44
2018/11/12,Pompeii,Home,Higby,COCO CARAMEL,Precio habitual,"55,00€",45
2018/11/12,Pompeii,Home,Higby,COCO CARAMEL,Precio habitual,"55,00€",46
2018/11/12,Pompeii,Home,Higby,COCO CARAMEL,Precio habitual,"55,00€",47
2018/11/12,Pompeii,Home,Higby,MULBERRY CARAMEL,Precio habitual,"55,00€",40
2018/11/12,Pompeii,Home,Higby,MULBERRY CARAMEL,Precio habitual,"55,00€",41
2018/11/12,Pompeii,Home,Higby,MULBERRY CARAMEL,Precio habitual,"55,00€",42
2018/11/12,Pompeii,Home,Higby,MULBERRY CARAMEL,Precio habitual,"55,00€",43
2018/11/12,Pompeii,Home,Higby,MULBERRY CARAMEL,Precio habitual,"55,00€",44
2018/11/12,Pompeii,Home,Higby,MULBERRY CARAMEL,Precio habitual,"55,00€",45
2018/11/12,Pompeii,Home,Higby,MULBERRY CARAMEL,Precio habitual,"55,00€",46
2018/11/12,Pompeii,Home,Higby,MULBERRY CARAMEL,Precio habitual,"55,00€",47
2018/11/12,Pompeii,Home,Higby,CLOUD CARAMEL,Precio habitual,"55,00€",40
2018/11/12,Pompeii,Home,Higby,CLOUD CARAMEL,Precio habitual,"55,00€",41
2018/11/12,Pompeii,Home,Higby,CLOUD CARAMEL,Precio habitual,"55,00€",42
2018/11/12,Pompeii,Home,Higby,CLOUD CARAMEL,Precio habitual,"55,00€",43
2018/11/12,Pompeii,Home,Higby,CLOUD CARAMEL,Precio habitual,"55,00€",44
2018/11/12,Pompeii,Home,Higby,CLOUD CARAMEL,Precio habitual,"55,00€",45
2018/11/12,Pompeii,Home,Higby,CLOUD CARAMEL,Precio habitual,"55,00€",46
2018/11/12,Pompeii,Home,Higby,CLOUD CARAMEL,Precio habitual,"55,00€",47
2018/11/12,Pompeii,Home,Higby,VOLLEY MUSTARD,Precio habitual,"55,00€",40
2018/11/12,Pompeii,Home,Higby,VOLLEY MUSTARD,Precio habitual,"55,00€",41
2018/11/12,Pompeii,Home,Higby,VOLLEY MUSTARD,Precio habitual,"55,00€",42
2018/11/12,Pompeii,Home,Higby,VOLLEY MUSTARD,Precio habitual,"55,00€",43
2018/11/12,Pompeii,Home,Higby,VOLLEY MUSTARD,Precio habitual,"55,00€",44
2018/11/12,Pompeii,Home,Higby,VOLLEY MUSTARD,Precio habitual,"55,00€",45
2018/11/12,Pompeii,Home,Higby,VOLLEY MUSTARD,Precio habitual,"55,00€",46
2018/11/12,Pompeii,Home,Higby,VOLLEY MUSTARD,Precio habitual,"55,00€",47
2018/11/12,Pompeii,Home,Higby,VOLLEY GREEN,Precio habitual,"55,00€",40
2018/11/12,Pompeii,Home,Higby,VOLLEY GREEN,Precio habitual,"55,00€",41
2018/11/12,Pompeii,Home,Higby,VOLLEY GREEN,Precio habitual,"55,00€",42
2018/11/12,Pompeii,Home,Higby,VOLLEY GREEN,Precio habitual,"55,00€",43
2018/11/12,Pompeii,Home,Higby,VOLLEY GREEN,Precio habitual,"55,00€",44
2018/11/12,Pompeii,Home,Higby,VOLLEY GREEN,Precio habitual,"55,00€",45
2018/11/12,Pompeii,Home,Higby,VOLLEY GREEN,Precio habitual,"55,00€",46
2018/11/12,Pompeii,Home,Higby,VOLLEY GREEN,Precio habitual,"55,00€",47
2018/11/12,Pompeii,Home,Higby,RETRO MUSTARD,Precio habitual,"55,00€",40
2018/11/12,Pompeii,Home,Higby,RETRO MUSTARD,Precio habitual,"55,00€",41
2018/11/12,Pompeii,Home,Higby,RETRO MUSTARD,Precio habitual,"55,00€",42
2018/11/12,Pompeii,Home,Higby,RETRO MUSTARD,Precio habitual,"55,00€",43
2018/11/12,Pompeii,Home,Higby,RETRO MUSTARD,Precio habitual,"55,00€",44
2018/11/12,Pompeii,Home,Higby,RETRO MUSTARD,Precio habitual,"55,00€",45
2018/11/12,Pompeii,Home,Higby,RETRO MUSTARD,Precio habitual,"55,00€",46
2018/11/12,Pompeii,Home,Higby,RETRO MUSTARD,Precio habitual,"55,00€",47
2018/11/12,Pompeii,Home,Higby,RETRO GREEN,Precio habitual,"55,00€",40
2018/11/12,Pompeii,Home,Higby,RETRO GREEN,Precio habitual,"55,00€",41
2018/11/12,Pompeii,Home,Higby,RETRO GREEN,Precio habitual,"55,00€",42
2018/11/12,Pompeii,Home,Higby,RETRO GREEN,Precio habitual,"55,00€",43
2018/11/12,Pompeii,Home,Higby,RETRO GREEN,Precio habitual,"55,00€",44
2018/11/12,Pompeii,Home,Higby,RETRO GREEN,Precio habitual,"55,00€",45
2018/11/12,Pompeii,Home,Higby,RETRO GREEN,Precio habitual,"55,00€",46
2018/11/12,Pompeii,Home,Higby,RETRO GREEN,Precio habitual,"55,00€",47
2018/11/12,Pompeii,Home,Egret,KHAKI CARAMEL,Precio habitual,"65,00€",40
2018/11/12,Pompeii,Home,Egret,KHAKI CARAMEL,Precio habitual,"65,00€",41
2018/11/12,Pompeii,Home,Egret,KHAKI CARAMEL,Precio habitual,"65,00€",42
2018/11/12,Pompeii,Home,Egret,KHAKI CARAMEL,Precio habitual,"65,00€",43
2018/11/12,Pompeii,Home,Egret,KHAKI CARAMEL,Precio habitual,"65,00€",44
2018/11/12,Pompeii,Home,Egret,KHAKI CARAMEL,Precio habitual,"65,00€",45
2018/11/12,Pompeii,Home,Egret,KHAKI CARAMEL,Precio habitual,"65,00€",46
2018/11/12,Pompeii,Home,Egret,KHAKI CARAMEL,Precio habitual,"65,00€",47
2018/11/12,Pompeii,Home,Egret,COCOA BLACK,Precio habitual,"65,00€",40
2018/11/12,Pompeii,Home,Egret,COCOA BLACK,Precio habitual,"65,00€",41
2018/11/12,Pompeii,Home,Egret,COCOA BLACK,Precio habitual,"65,00€",42
2018/11/12,Pompeii,Home,Egret,COCOA BLACK,Precio habitual,"65,00€",43
2018/11/12,Pompeii,Home,Egret,COCOA BLACK,Precio habitual,"65,00€",44
2018/11/12,Pompeii,Home,Egret,COCOA BLACK,Precio habitual,"65,00€",45
2018/11/12,Pompeii,Home,Egret,COCOA BLACK,Precio habitual,"65,00€",46
2018/11/12,Pompeii,Home,Egret,COCOA BLACK,Precio habitual,"65,00€",47
2018/11/12,Pompeii,Home,Egret,NAVY CARAMEL,Precio habitual,"65,00€",40
2018/11/12,Pompeii,Home,Egret,NAVY CARAMEL,Precio habitual,"65,00€",41
2018/11/12,Pompeii,Home,Egret,NAVY CARAMEL,Precio habitual,"65,00€",42
2018/11/12,Pompeii,Home,Egret,NAVY CARAMEL,Precio habitual,"65,00€",43
2018/11/12,Pompeii,Home,Egret,NAVY CARAMEL,Precio habitual,"65,00€",44
2018/11/12,Pompeii,Home,Egret,NAVY CARAMEL,Precio habitual,"65,00€",45
2018/11/12,Pompeii,Home,Egret,NAVY CARAMEL,Precio habitual,"65,00€",46
2018/11/12,Pompeii,Home,Egret,NAVY CARAMEL,Precio habitual,"65,00€",47
2018/11/12,Pompeii,Home,Egret,GREY ANTRACITE,Precio habitual,"65,00€",40
2018/11/12,Pompeii,Home,Egret,GREY ANTRACITE,Precio habitual,"65,00€",41
2018/11/12,Pompeii,Home,Egret,GREY ANTRACITE,Precio habitual,"65,00€",42
2018/11/12,Pompeii,Home,Egret,GREY ANTRACITE,Precio habitual,"65,00€",43
2018/11/12,Pompeii,Home,Egret,GREY ANTRACITE,Precio habitual,"65,00€",44
2018/11/12,Pompeii,Home,Egret,GREY ANTRACITE,Precio habitual,"65,00€",45
2018/11/12,Pompeii,Home,Egret,GREY ANTRACITE,Precio habitual,"65,00€",46
2018/11/12,Pompeii,Home,Egret,GREY ANTRACITE,Precio habitual,"65,00€",47
2018/11/12,Pompeii,Home,Egret,CHERRY TOFFEE,Precio habitual,"65,00€",40
2018/11/12,Pompeii,Home,Egret,CHERRY TOFFEE,Precio habitual,"65,00€",41
2018/11/12,Pompeii,Home,Egret,CHERRY TOFFEE,Precio habitual,"65,00€",42
2018/11/12,Pompeii,Home,Egret,CHERRY TOFFEE,Precio habitual,"65,00€",43
2018/11/12,Pompeii,Home,Egret,CHERRY TOFFEE,Precio habitual,"65,00€",44
2018/11/12,Pompeii,Home,Egret,CHERRY TOFFEE,Precio habitual,"65,00€",45
2018/11/12,Pompeii,Home,Egret,CHERRY TOFFEE,Precio habitual,"65,00€",46
2018/11/12,Pompeii,Home,Egret,CHERRY TOFFEE,Precio habitual,"65,00€",47
2018/11/12,Pompeii,Home,Egret,MOUSE CARAMEL,Precio habitual,"65,00€",40
2018/11/12,Pompeii,Home,Egret,MOUSE CARAMEL,Precio habitual,"65,00€",41
2018/11/12,Pompeii,Home,Egret,MOUSE CARAMEL,Precio habitual,"65,00€",42
2018/11/12,Pompeii,Home,Egret,MOUSE CARAMEL,Precio habitual,"65,00€",43
2018/11/12,Pompeii,Home,Egret,MOUSE CARAMEL,Precio habitual,"65,00€",44
2018/11/12,Pompeii,Home,Egret,MOUSE CARAMEL,Precio habitual,"65,00€",45
2018/11/12,Pompeii,Home,Egret,MOUSE CARAMEL,Precio habitual,"65,00€",46
2018/11/12,Pompeii,Home,Egret,MOUSE CARAMEL,Precio habitual,"65,00€",47
2018/11/12,Pompeii,Home,Delta,CAMOU,Precio habitual,"70,00€",40
2018/11/12,Pompeii,Home,Delta,CAMOU,Precio habitual,"70,00€",41
2018/11/12,Pompeii,Home,Delta,CAMOU,Precio habitual,"70,00€",42
2018/11/12,Pompeii,Home,Delta,CAMOU,Precio habitual,"70,00€",43
2018/11/12,Pompeii,Home,Delta,CAMOU,Precio habitual,"70,00€",44
2018/11/12,Pompeii,Home,Delta,CAMOU,Precio habitual,"70,00€",45
2018/11/12,Pompeii,Home,Delta,CAMOU,Precio habitual,"70,00€",46
2018/11/12,Pompeii,Home,Delta,CAMOU,Precio habitual,"70,00€",47
2018/11/12,Pompeii,Home,Delta,STONE,Precio habitual,"70,00€",40
2018/11/12,Pompeii,Home,Delta,STONE,Precio habitual,"70,00€",41
2018/11/12,Pompeii,Home,Delta,STONE,Precio habitual,"70,00€",42
2018/11/12,Pompeii,Home,Delta,STONE,Precio habitual,"70,00€",43
2018/11/12,Pompeii,Home,Delta,STONE,Precio habitual,"70,00€",44
2018/11/12,Pompeii,Home,Delta,STONE,Precio habitual,"70,00€",45
2018/11/12,Pompeii,Home,Delta,STONE,Precio habitual,"70,00€",46
2018/11/12,Pompeii,Home,Delta,STONE,Precio habitual,"70,00€",47
2018/11/12,Pompeii,Home,Delta,TAN,Precio habitual,"70,00€",40
2018/11/12,Pompeii,Home,Delta,TAN,Precio habitual,"70,00€",41
2018/11/12,Pompeii,Home,Delta,TAN,Precio habitual,"70,00€",42
2018/11/12,Pompeii,Home,Delta,TAN,Precio habitual,"70,00€",43
2018/11/12,Pompeii,Home,Delta,TAN,Precio habitual,"70,00€",44
2018/11/12,Pompeii,Home,Delta,TAN,Precio habitual,"70,00€",45
2018/11/12,Pompeii,Home,Delta,TAN,Precio habitual,"70,00€",46
2018/11/12,Pompeii,Home,Delta,TAN,Precio habitual,"70,00€",47
2018/11/12,Pompeii,Home,Delta,TUCAN,Precio habitual,"70,00€",40
2018/11/12,Pompeii,Home,Delta,TUCAN,Precio habitual,"70,00€",41
2018/11/12,Pompeii,Home,Delta,TUCAN,Precio habitual,"70,00€",42
2018/11/12,Pompeii,Home,Delta,TUCAN,Precio habitual,"70,00€",43
2018/11/12,Pompeii,Home,Delta,TUCAN,Precio habitual,"70,00€",44
2018/11/12,Pompeii,Home,Delta,TUCAN,Precio habitual,"70,00€",45
2018/11/12,Pompeii,Home,Delta,TUCAN,Precio habitual,"70,00€",46
2018/11/12,Pompeii,Home,Delta,TUCAN,Precio habitual,"70,00€",47
2018/11/12,Pompeii,Home,Delta,VALLEY,Precio habitual,"70,00€",40
2018/11/12,Pompeii,Home,Delta,VALLEY,Precio habitual,"70,00€",41
2018/11/12,Pompeii,Home,Delta,VALLEY,Precio habitual,"70,00€",42
2018/11/12,Pompeii,Home,Delta,VALLEY,Precio habitual,"70,00€",43
2018/11/12,Pompeii,Home,Delta,VALLEY,Precio habitual,"70,00€",44
2018/11/12,Pompeii,Home,Delta,VALLEY,Precio habitual,"70,00€",45
2018/11/12,Pompeii,Home,Delta,VALLEY,Precio habitual,"70,00€",46
2018/11/12,Pompeii,Home,Delta,VALLEY,Precio habitual,"70,00€",47
2018/11/12,Pompeii,Home,Calcetines,SCHOOL WHITE,Precio habitual,"6,00€",
2018/11/12,Pompeii,Home,Calcetines,MUSTARD,Precio habitual,"6,00€",
2018/11/12,Pompeii,Home,Cordones,F. LACE BLACK,Precio habitual,"3,00€",
2018/11/12,Pompeii,Home,Cordones,F. LACE CRUDE,Precio habitual,"3,00€",
2018/11/12,Pompeii,Home,Cordones,F. LACE WHITE,Precio habitual,"3,00€",
2018/11/12,Pompeii,Home,Cordones,LACE GREEN,Precio habitual,"3,00€",
2018/11/12,Pompeii,Home,Cordones,R. LACE BLACK,Precio habitual,"3,00€",
2018/11/12,Pompeii,Home,Cordones,R. LACE WHITE,Precio habitual,"3,00€",
2018/11/12,Pompeii,Home,Cordones,LACE CUERO,Precio habitual,"3,00€",
2018/11/12,Pompeii,Home,Cordones,LACE NAVY RED,Precio habitual,"3,00€",
2018/11/12,Pompeii,Home,Cordones,LACE GREY PINK,Precio habitual,"3,00€",
2018/11/12,Pompeii,Dona,Scout,HIGH SHALE,Precio habitual,"65,00€",36
2018/11/12,Pompeii,Dona,Scout,HIGH SHALE,Precio habitual,"65,00€",37
2018/11/12,Pompeii,Dona,Scout,HIGH SHALE,Precio habitual,"65,00€",38
2018/11/12,Pompeii,Dona,Scout,HIGH SHALE,Precio habitual,"65,00€",39
2018/11/12,Pompeii,Dona,Scout,HIGH SHALE,Precio habitual,"65,00€",40
2018/11/12,Pompeii,Dona,Scout,HIGH SHALE,Precio habitual,"65,00€",41
2018/11/12,Pompeii,Dona,Scout,HIGH SAND,Precio habitual,"65,00€",36
2018/11/12,Pompeii,Dona,Scout,HIGH SAND,Precio habitual,"65,00€",37
2018/11/12,Pompeii,Dona,Scout,HIGH SAND,Precio habitual,"65,00€",38
2018/11/12,Pompeii,Dona,Scout,HIGH SAND,Precio habitual,"65,00€",39
2018/11/12,Pompeii,Dona,Scout,HIGH SAND,Precio habitual,"65,00€",40
2018/11/12,Pompeii,Dona,Scout,HIGH SAND,Precio habitual,"65,00€",41
2018/11/12,Pompeii,Dona,Scout,HIGH BLACKBERRY,Precio habitual,"65,00€",36
2018/11/12,Pompeii,Dona,Scout,HIGH BLACKBERRY,Precio habitual,"65,00€",37
2018/11/12,Pompeii,Dona,Scout,HIGH BLACKBERRY,Precio habitual,"65,00€",38
2018/11/12,Pompeii,Dona,Scout,HIGH BLACKBERRY,Precio habitual,"65,00€",39
2018/11/12,Pompeii,Dona,Scout,HIGH BLACKBERRY,Precio habitual,"65,00€",40
2018/11/12,Pompeii,Dona,Scout,HIGH BLACKBERRY,Precio habitual,"65,00€",41
2018/11/12,Pompeii,Dona,HIDRÓFUGO,DERBY AQUA,Precio habitual,"65,00€",36
2018/11/12,Pompeii,Dona,HIDRÓFUGO,DERBY AQUA,Precio habitual,"65,00€",37
2018/11/12,Pompeii,Dona,HIDRÓFUGO,DERBY AQUA,Precio habitual,"65,00€",38
2018/11/12,Pompeii,Dona,HIDRÓFUGO,DERBY AQUA,Precio habitual,"65,00€",39
2018/11/12,Pompeii,Dona,HIDRÓFUGO,DERBY AQUA,Precio habitual,"65,00€",40
2018/11/12,Pompeii,Dona,HIDRÓFUGO,DERBY AQUA,Precio habitual,"65,00€",41
2018/11/12,Pompeii,Dona,HIDRÓFUGO,MUSTARD STONE,Precio habitual,"65,00€",36
2018/11/12,Pompeii,Dona,HIDRÓFUGO,MUSTARD STONE,Precio habitual,"65,00€",37
2018/11/12,Pompeii,Dona,HIDRÓFUGO,MUSTARD STONE,Precio habitual,"65,00€",38
2018/11/12,Pompeii,Dona,HIDRÓFUGO,MUSTARD STONE,Precio habitual,"65,00€",39
2018/11/12,Pompeii,Dona,HIDRÓFUGO,MUSTARD STONE,Precio habitual,"65,00€",40
2018/11/12,Pompeii,Dona,HIDRÓFUGO,MUSTARD STONE,Precio habitual,"65,00€",41
2018/11/12,Pompeii,Dona,HIDRÓFUGO,PURPLE CARAMEL,Precio habitual,"65,00€",36
2018/11/12,Pompeii,Dona,HIDRÓFUGO,PURPLE CARAMEL,Precio habitual,"65,00€",37
2018/11/12,Pompeii,Dona,HIDRÓFUGO,PURPLE CARAMEL,Precio habitual,"65,00€",38
2018/11/12,Pompeii,Dona,HIDRÓFUGO,PURPLE CARAMEL,Precio habitual,"65,00€",39
2018/11/12,Pompeii,Dona,HIDRÓFUGO,PURPLE CARAMEL,Precio habitual,"65,00€",40
2018/11/12,Pompeii,Dona,HIDRÓFUGO,PURPLE CARAMEL,Precio habitual,"65,00€",41
2018/11/12,Pompeii,Dona,Delta,CAKE,Precio habitual,"70,00€",36
2018/11/12,Pompeii,Dona,Delta,CAKE,Precio habitual,"70,00€",37
2018/11/12,Pompeii,Dona,Delta,CAKE,Precio habitual,"70,00€",38
2018/11/12,Pompeii,Dona,Delta,CAKE,Precio habitual,"70,00€",39
2018/11/12,Pompeii,Dona,Delta,CAKE,Precio habitual,"70,00€",40
2018/11/12,Pompeii,Dona,Delta,CAKE,Precio habitual,"70,00€",41
2018/11/12,Pompeii,Dona,Delta,BLACK,Precio habitual,"70,00€",36
2018/11/12,Pompeii,Dona,Delta,BLACK,Precio habitual,"70,00€",37
2018/11/12,Pompeii,Dona,Delta,BLACK,Precio habitual,"70,00€",38
2018/11/12,Pompeii,Dona,Delta,BLACK,Precio habitual,"70,00€",39
2018/11/12,Pompeii,Dona,Delta,BLACK,Precio habitual,"70,00€",40
2018/11/12,Pompeii,Dona,Delta,BLACK,Precio habitual,"70,00€",41
2018/11/12,Pompeii,Dona,Delta,MOUSTARD,Precio habitual,"70,00€",36
2018/11/12,Pompeii,Dona,Delta,MOUSTARD,Precio habitual,"70,00€",37
2018/11/12,Pompeii,Dona,Delta,MOUSTARD,Precio habitual,"70,00€",38
2018/11/12,Pompeii,Dona,Delta,MOUSTARD,Precio habitual,"70,00€",39
2018/11/12,Pompeii,Dona,Delta,MOUSTARD,Precio habitual,"70,00€",40
2018/11/12,Pompeii,Dona,Delta,MOUSTARD,Precio habitual,"70,00€",41
2018/11/12,Pompeii,Dona,Higby,FOG EMERALD,Precio habitual,"55,00€",36
2018/11/12,Pompeii,Dona,Higby,FOG EMERALD,Precio habitual,"55,00€",37
2018/11/12,Pompeii,Dona,Higby,FOG EMERALD,Precio habitual,"55,00€",38
2018/11/12,Pompeii,Dona,Higby,FOG EMERALD,Precio habitual,"55,00€",39
2018/11/12,Pompeii,Dona,Higby,FOG EMERALD,Precio habitual,"55,00€",40
2018/11/12,Pompeii,Dona,Higby,FOG EMERALD,Precio habitual,"55,00€",41
2018/11/12,Pompeii,Dona,Higby,MULBERRY CARAMEL,Precio habitual,"55,00€",36
2018/11/12,Pompeii,Dona,Higby,MULBERRY CARAMEL,Precio habitual,"55,00€",37
2018/11/12,Pompeii,Dona,Higby,MULBERRY CARAMEL,Precio habitual,"55,00€",38
2018/11/12,Pompeii,Dona,Higby,MULBERRY CARAMEL,Precio habitual,"55,00€",39
2018/11/12,Pompeii,Dona,Higby,MULBERRY CARAMEL,Precio habitual,"55,00€",40
2018/11/12,Pompeii,Dona,Higby,MULBERRY CARAMEL,Precio habitual,"55,00€",41
2018/11/12,Pompeii,Dona,Higby,BLACK,Precio habitual,"55,00€",36
2018/11/12,Pompeii,Dona,Higby,BLACK,Precio habitual,"55,00€",37
2018/11/12,Pompeii,Dona,Higby,BLACK,Precio habitual,"55,00€",38
2018/11/12,Pompeii,Dona,Higby,BLACK,Precio habitual,"55,00€",39
2018/11/12,Pompeii,Dona,Higby,BLACK,Precio habitual,"55,00€",40
2018/11/12,Pompeii,Dona,Higby,BLACK,Precio habitual,"55,00€",41
2018/11/12,Pompeii,Dona,Higby,OCRE,Precio habitual,"55,00€",36
2018/11/12,Pompeii,Dona,Higby,OCRE,Precio habitual,"55,00€",37
2018/11/12,Pompeii,Dona,Higby,OCRE,Precio habitual,"55,00€",38
2018/11/12,Pompeii,Dona,Higby,OCRE,Precio habitual,"55,00€",39
2018/11/12,Pompeii,Dona,Higby,OCRE,Precio habitual,"55,00€",40
2018/11/12,Pompeii,Dona,Higby,OCRE,Precio habitual,"55,00€",41
2018/11/12,Pompeii,Dona,Higby,BLACKBERRY,Precio habitual,"55,00€",36
2018/11/12,Pompeii,Dona,Higby,BLACKBERRY,Precio habitual,"55,00€",37
2018/11/12,Pompeii,Dona,Higby,BLACKBERRY,Precio habitual,"55,00€",38
2018/11/12,Pompeii,Dona,Higby,BLACKBERRY,Precio habitual,"55,00€",39
2018/11/12,Pompeii,Dona,Higby,BLACKBERRY,Precio habitual,"55,00€",40
2018/11/12,Pompeii,Dona,Higby,BLACKBERRY,Precio habitual,"55,00€",41
2018/11/12,Pompeii,Dona,Higby,BLACK SALMON,Precio habitual,"55,00€",36
2018/11/12,Pompeii,Dona,Higby,BLACK SALMON,Precio habitual,"55,00€",37
2018/11/12,Pompeii,Dona,Higby,BLACK SALMON,Precio habitual,"55,00€",38
2018/11/12,Pompeii,Dona,Higby,BLACK SALMON,Precio habitual,"55,00€",39
2018/11/12,Pompeii,Dona,Higby,BLACK SALMON,Precio habitual,"55,00€",40
2018/11/12,Pompeii,Dona,Higby,BLACK SALMON,Precio habitual,"55,00€",41
2018/11/12,Pompeii,Dona,Higby,MINT CAKE,Precio habitual,"55,00€",36
2018/11/12,Pompeii,Dona,Higby,MINT CAKE,Precio habitual,"55,00€",37
2018/11/12,Pompeii,Dona,Higby,MINT CAKE,Precio habitual,"55,00€",38
2018/11/12,Pompeii,Dona,Higby,MINT CAKE,Precio habitual,"55,00€",39
2018/11/12,Pompeii,Dona,Higby,MINT CAKE,Precio habitual,"55,00€",40
2018/11/12,Pompeii,Dona,Higby,MINT CAKE,Precio habitual,"55,00€",41
2018/11/12,Pompeii,Dona,Higby,EMERALD ANTRACITE,Precio habitual,"55,00€",36
2018/11/12,Pompeii,Dona,Higby,EMERALD ANTRACITE,Precio habitual,"55,00€",37
2018/11/12,Pompeii,Dona,Higby,EMERALD ANTRACITE,Precio habitual,"55,00€",38
2018/11/12,Pompeii,Dona,Higby,EMERALD ANTRACITE,Precio habitual,"55,00€",39
2018/11/12,Pompeii,Dona,Higby,EMERALD ANTRACITE,Precio habitual,"55,00€",40
2018/11/12,Pompeii,Dona,Higby,EMERALD ANTRACITE,Precio habitual,"55,00€",41
2018/11/12,Pompeii,Dona,Caproni,DERBY,Precio habitual,"65,00€",36
2018/11/12,Pompeii,Dona,Caproni,DERBY,Precio habitual,"65,00€",37
2018/11/12,Pompeii,Dona,Caproni,DERBY,Precio habitual,"65,00€",38
2018/11/12,Pompeii,Dona,Caproni,DERBY,Precio habitual,"65,00€",39
2018/11/12,Pompeii,Dona,Caproni,DERBY,Precio habitual,"65,00€",40
2018/11/12,Pompeii,Dona,Caproni,DERBY,Precio habitual,"65,00€",41
2018/11/12,Pompeii,Dona,Caproni,BLACK EMERALD,Precio habitual,"65,00€",36
2018/11/12,Pompeii,Dona,Caproni,BLACK EMERALD,Precio habitual,"65,00€",37
2018/11/12,Pompeii,Dona,Caproni,BLACK EMERALD,Precio habitual,"65,00€",38
2018/11/12,Pompeii,Dona,Caproni,BLACK EMERALD,Precio habitual,"65,00€",39
2018/11/12,Pompeii,Dona,Caproni,BLACK EMERALD,Precio habitual,"65,00€",40
2018/11/12,Pompeii,Dona,Caproni,BLACK EMERALD,Precio habitual,"65,00€",41
2018/11/12,Pompeii,Dona,Higby,GREY PINK,Precio habitual,"60,00€",36
2018/11/12,Pompeii,Dona,Higby,GREY PINK,Precio habitual,"60,00€",37
2018/11/12,Pompeii,Dona,Higby,GREY PINK,Precio habitual,"60,00€",38
2018/11/12,Pompeii,Dona,Higby,GREY PINK,Precio habitual,"60,00€",39
2018/11/12,Pompeii,Dona,Higby,GREY PINK,Precio habitual,"60,00€",40
2018/11/12,Pompeii,Dona,Higby,GREY PINK,Precio habitual,"60,00€",41
2018/11/12,Pompeii,Dona,Higby,KHAKI CARAMEL,Precio habitual,"60,00€",36
2018/11/12,Pompeii,Dona,Higby,KHAKI CARAMEL,Precio habitual,"60,00€",37
2018/11/12,Pompeii,Dona,Higby,KHAKI CARAMEL,Precio habitual,"60,00€",38
2018/11/12,Pompeii,Dona,Higby,KHAKI CARAMEL,Precio habitual,"60,00€",39
2018/11/12,Pompeii,Dona,Higby,KHAKI CARAMEL,Precio habitual,"60,00€",40
2018/11/12,Pompeii,Dona,Higby,KHAKI CARAMEL,Precio habitual,"60,00€",41
2018/11/12,Pompeii,Dona,Higby,GREY EMERALD,Precio habitual,"60,00€",36
2018/11/12,Pompeii,Dona,Higby,GREY EMERALD,Precio habitual,"60,00€",37
2018/11/12,Pompeii,Dona,Higby,GREY EMERALD,Precio habitual,"60,00€",38
2018/11/12,Pompeii,Dona,Higby,GREY EMERALD,Precio habitual,"60,00€",39
2018/11/12,Pompeii,Dona,Higby,GREY EMERALD,Precio habitual,"60,00€",40
2018/11/12,Pompeii,Dona,Higby,GREY EMERALD,Precio habitual,"60,00€",41
2018/11/12,Pompeii,Dona,Higby,GREY CORAL,Precio habitual,"60,00€",36
2018/11/12,Pompeii,Dona,Higby,GREY CORAL,Precio habitual,"60,00€",37
2018/11/12,Pompeii,Dona,Higby,GREY CORAL,Precio habitual,"60,00€",38
2018/11/12,Pompeii,Dona,Higby,GREY CORAL,Precio habitual,"60,00€",39
2018/11/12,Pompeii,Dona,Higby,GREY CORAL,Precio habitual,"60,00€",40
2018/11/12,Pompeii,Dona,Higby,GREY CORAL,Precio habitual,"60,00€",41
2018/11/12,Pompeii,Dona,Higby,MAROON CARAMEL,Precio habitual,"60,00€",36
2018/11/12,Pompeii,Dona,Higby,MAROON CARAMEL,Precio habitual,"60,00€",37
2018/11/12,Pompeii,Dona,Higby,MAROON CARAMEL,Precio habitual,"60,00€",38
2018/11/12,Pompeii,Dona,Higby,MAROON CARAMEL,Precio habitual,"60,00€",39
2018/11/12,Pompeii,Dona,Higby,MAROON CARAMEL,Precio habitual,"60,00€",40
2018/11/12,Pompeii,Dona,Higby,MAROON CARAMEL,Precio habitual,"60,00€",41
2018/11/12,Pompeii,Dona,Higby,APRICOT CARAMEL,Precio habitual,"60,00€",36
2018/11/12,Pompeii,Dona,Higby,APRICOT CARAMEL,Precio habitual,"60,00€",37
2018/11/12,Pompeii,Dona,Higby,APRICOT CARAMEL,Precio habitual,"60,00€",38
2018/11/12,Pompeii,Dona,Higby,APRICOT CARAMEL,Precio habitual,"60,00€",39
2018/11/12,Pompeii,Dona,Higby,APRICOT CARAMEL,Precio habitual,"60,00€",40
2018/11/12,Pompeii,Dona,Higby,APRICOT CARAMEL,Precio habitual,"60,00€",41
2018/11/12,Pompeii,Dona,Higby,TURQUOISE CARAMEL,Precio habitual,"60,00€",36
2018/11/12,Pompeii,Dona,Higby,TURQUOISE CARAMEL,Precio habitual,"60,00€",37
2018/11/12,Pompeii,Dona,Higby,TURQUOISE CARAMEL,Precio habitual,"60,00€",38
2018/11/12,Pompeii,Dona,Higby,TURQUOISE CARAMEL,Precio habitual,"60,00€",39
2018/11/12,Pompeii,Dona,Higby,TURQUOISE CARAMEL,Precio habitual,"60,00€",40
2018/11/12,Pompeii,Dona,Higby,TURQUOISE CARAMEL,Precio habitual,"60,00€",41
2018/11/12,Pompeii,Dona,Higby,COCOA PINK,Precio habitual,"60,00€",36
2018/11/12,Pompeii,Dona,Higby,COCOA PINK,Precio habitual,"60,00€",37
2018/11/12,Pompeii,Dona,Higby,COCOA PINK,Precio habitual,"60,00€",38
2018/11/12,Pompeii,Dona,Higby,COCOA PINK,Precio habitual,"60,00€",39
2018/11/12,Pompeii,Dona,Higby,COCOA PINK,Precio habitual,"60,00€",40
2018/11/12,Pompeii,Dona,Higby,COCOA PINK,Precio habitual,"60,00€",41
2018/11/12,Pompeii,Dona,Higby,PINK ANTRACITE,Precio habitual,"60,00€",36
2018/11/12,Pompeii,Dona,Higby,PINK ANTRACITE,Precio habitual,"60,00€",37
2018/11/12,Pompeii,Dona,Higby,PINK ANTRACITE,Precio habitual,"60,00€",38
2018/11/12,Pompeii,Dona,Higby,PINK ANTRACITE,Precio habitual,"60,00€",39
2018/11/12,Pompeii,Dona,Higby,PINK ANTRACITE,Precio habitual,"60,00€",40
2018/11/12,Pompeii,Dona,Higby,PINK ANTRACITE,Precio habitual,"60,00€",41
2018/11/12,Pompeii,Dona,Origami,BLACK,Precio habitual,"65,00€",36
2018/11/12,Pompeii,Dona,Origami,BLACK,Precio habitual,"65,00€",37
2018/11/12,Pompeii,Dona,Origami,BLACK,Precio habitual,"65,00€",38
2018/11/12,Pompeii,Dona,Origami,BLACK,Precio habitual,"65,00€",39
2018/11/12,Pompeii,Dona,Origami,BLACK,Precio habitual,"65,00€",40
2018/11/12,Pompeii,Dona,Origami,BLACK,Precio habitual,"65,00€",41
2018/11/12,Pompeii,Dona,Origami,CLOUD,Precio habitual,"60,00€",36
2018/11/12,Pompeii,Dona,Origami,CLOUD,Precio habitual,"60,00€",37
2018/11/12,Pompeii,Dona,Origami,CLOUD,Precio habitual,"60,00€",38
2018/11/12,Pompeii,Dona,Origami,CLOUD,Precio habitual,"60,00€",39
2018/11/12,Pompeii,Dona,Origami,CLOUD,Precio habitual,"60,00€",40
2018/11/12,Pompeii,Dona,Origami,CLOUD,Precio habitual,"60,00€",41
2018/11/12,Pompeii,Dona,Calcetines,PINK,Precio habitual,"6,00€",
2018/11/12,Pompeii,Dona,Calcetines,SCHOOL LOW ECRU,Precio habitual,"6,00€",
2018/11/12,Pompeii,Dona,Calcetines,EMERALD,Precio habitual,"6,00€",
2018/11/12,Pompeii,Dona,Calcetines,SCHOOL LOW YELOW,Precio habitual,"6,00€",
2018/11/12,Pompeii,Dona,Calcetines,BLUE,Precio habitual,"6,00€",
2018/11/12,Pompeii,Dona,Cordones,F. LACE BLACK,Precio habitual,"3,00€",
2018/11/12,Pompeii,Dona,Cordones,F. LACE CRUDE,Precio habitual,"3,00€",
2018/11/12,Pompeii,Dona,Cordones,F. LACE WHITE,Precio habitual,"3,00€",
2018/11/12,Pompeii,Dona,Cordones,LACE GREEN,Precio habitual,"3,00€",
2018/11/12,Pompeii,Dona,Cordones,R. LACE BLACK,Precio habitual,"3,00€",
2018/11/12,Pompeii,Dona,Cordones,R. LACE WHITE,Precio habitual,"3,00€",
2018/11/12,Pompeii,Dona,Cordones,LACE CUERO,Precio habitual,"3,00€",
2018/11/12,Pompeii,Dona,Cordones,LACE NAVY RED,Precio habitual,"3,00€",
2018/11/12,Pompeii,Dona,Cordones,LACE GREY PINK,Precio habitual,"3,00€",
